<?xml version="1.0"?>
<ruleset id="JBoss5-web-class-loading"
    xmlns="http://windup.jboss.org/schema/jboss-ruleset"
    xmlns:xsi="http://www.w3.org/2001/XMLSchema-instance"
    xsi:schemaLocation="http://windup.jboss.org/schema/jboss-ruleset http://windup.jboss.org/schema/jboss-ruleset/windup-jboss-ruleset.xsd">
    <metadata>
        <description>
            This ruleset looks for the class-loading element in a jboss-web.xml file, which is no longer valid in JBoss EAP 6
        </description>
         <dependencies>
            <addon id="org.jboss.windup.rules,windup-rules-javaee,3.0.0.Final"/>
            <addon id="org.jboss.windup.rules,windup-rules-java,3.0.0.Final"/>
        </dependencies>
        <sourceTechnology id="amazon" versionRange="(4,5)"/>
        <targetTechnology id="cloud-readiness" versionRange="(4,1)"/>
    </metadata>
    <rules>
        <rule id="JBoss5-web-class-loading_001">
            <when>
                <xmlfile matches="jboss-web/class-loading" />
            </when>
            <perform>
                <iteration>
                    <classification title="JBoss Web Application Descriptor" effort="1"/>
                    <hint title="JBoss Web XML class-loading element is no longer valid">
                      <message>
                        The class-loading element is no longer valid in the jboss-web.xml file.
                      </message>
                      <link href="https://access.redhat.com/documentation/en-US/JBoss_Enterprise_Application_Platform/6.4/html-single/Migration_Guide/index.html#Create_or_Modify_Files_That_Control_Class_Loading_in_JBoss_Enterprise_Application_Platform_6" title="Create or modify files that control class loading in JBoss EAP 6"/>
                    </hint>
                </iteration>
            </perform>
        </rule>
        <rule id="JBoss5-web-class-loading_002">
            <when>
                <xmlfile matches="jboss-web/class-loading" />
            </when>
            <perform>
                <iteration>
                    <classification title="JBoss Web Application Descriptor" effort="1"/>
                    <hint title="JBoss Web XML class-loading element is no longer valid">
                      <message>
                        The class-loading element is no longer valid in the jboss-web.xml file.
                      </message>
                      <link href="https://access.redhat.com/documentation/en-US/JBoss_Enterprise_Application_Platform/6.4/html-single/Migration_Guide/index.html#Create_or_Modify_Files_That_Control_Class_Loading_in_JBoss_Enterprise_Application_Platform_6" title="Create or modify files that control class loading in JBoss EAP 6"/>
                    </hint>
                </iteration>
            </perform>
        </rule>
     </rules>
</ruleset>

